Threshold,FPR,TPR
inf,0.0,0.0
0.9999990453965379,0.0,0.00014287755393627662
0.9781210256757567,0.0,0.6598085440777254
0.9778195319933055,0.0005,0.6598085440777254
0.9025649443540826,0.0005,0.6842406058008287
0.901923205561923,0.001,0.6842406058008287
0.9012563522417656,0.001,0.6846692384626375
0.9011419850115415,0.0015,0.6846692384626375
0.8986205003279857,0.0015,0.685955136448064
0.8979278954590798,0.002,0.685955136448064
0.8897775767008191,0.002,0.6893841977425347
0.8897634073392655,0.0025,0.6893841977425347
0.8847946458004459,0.0025,0.691670238605515
0.8845844490027526,0.003,0.691670238605515
0.8818865823222722,0.003,0.6935276468066867
0.8818129661648489,0.0035,0.6935276468066867
0.8759764346159061,0.0035,0.6960994427775397
0.8756662785032935,0.004,0.6960994427775397
0.8647404267197636,0.004,0.7013859122731819
0.8646042078641734,0.0045,0.7013859122731819
0.8613525643692408,0.0045,0.7033861980282897
0.8607615968551451,0.005,0.7033861980282897
0.8604022635017416,0.005,0.7036719531361623
0.8588244437642625,0.006,0.7036719531361623
0.8582457288884163,0.006,0.7041005857979712
0.8581516458817394,0.0065,0.7041005857979712
0.85811178615425,0.0065,0.7042434633519075
0.8575543640836073,0.007,0.7042434633519075
0.8532666931752543,0.007,0.7056722388912702
0.8525340144919651,0.0075,0.7056722388912702
0.8407960231652322,0.0075,0.7113873410487213
0.8403789258499368,0.008,0.7113873410487213
0.834628895173118,0.008,0.7145306472353193
0.83434930761235,0.0085,0.7145306472353193
0.8267175617258136,0.0085,0.7165309329904272
0.8266005021459535,0.009,0.7165309329904272
0.82520601502237,0.009,0.7172453207601086
0.8251659000001299,0.0095,0.7172453207601086
0.8155414659129291,0.0095,0.7215316473781969
0.8154929068468969,0.01,0.7215316473781969
0.8095802085596212,0.01,0.7243891984569224
0.8095480078203319,0.0105,0.7243891984569224
0.807663109964787,0.0105,0.7248178311187312
0.8068642556517139,0.011,0.7248178311187312
0.8011979695689246,0.011,0.7271038719817117
0.8011690912314671,0.0115,0.7271038719817117
0.7969391347873451,0.0115,0.7289612801828833
0.7959274092762318,0.012,0.7289612801828833
0.7861046445099249,0.012,0.7331047292470353
0.7861015734202598,0.0125,0.7331047292470353
0.7855873245045227,0.0125,0.7335333619088441
0.7850323437677414,0.013,0.7335333619088441
0.7849011307641164,0.013,0.7336762394627804
0.7844551217911302,0.0135,0.7336762394627804
0.7801237298936411,0.0135,0.7362480354336334
0.7794423501452108,0.014,0.7362480354336334
0.7783764710483957,0.014,0.7366766680954422
0.7781022844127442,0.0145,0.7366766680954422
0.7762544998968056,0.0145,0.737105300757251
0.7756475435252281,0.015,0.737105300757251
0.7726748943054632,0.015,0.7385340762966138
0.7726268252627682,0.0155,0.7385340762966138
0.7635340689169235,0.0155,0.7431061580225746
0.7635038980631995,0.016,0.7431061580225746
0.7529050451565463,0.016,0.7482497499642806
0.7528170636885759,0.0165,0.7482497499642806
0.7458001040388421,0.0165,0.7505357908272611
0.7455735757104959,0.017,0.7505357908272611
0.7452679204406337,0.017,0.7508215459351336
0.7450311450205986,0.0175,0.7508215459351336
0.742847713239246,0.0175,0.7522503214744963
0.7425326368205512,0.0185,0.7522503214744963
0.7409161644840497,0.0185,0.7529647092441777
0.7408802172878504,0.019,0.7529647092441777
0.7386525472067622,0.019,0.7539648521217317
0.7385809245634765,0.0195,0.7539648521217317
0.7369909431862197,0.0195,0.7543934847835405
0.7369483512562963,0.02,0.7543934847835405
0.7357283715863769,0.02,0.7551078725532219
0.7353938945993265,0.0205,0.7551078725532219
0.7282706991750709,0.0205,0.7575367909701386
0.7278014821212879,0.021,0.7575367909701386
0.7225156731435765,0.021,0.7593941991713102
0.7219120378566072,0.0215,0.7593941991713102
0.7210645469940712,0.0215,0.7599657093870553
0.7208996055578007,0.022,0.7599657093870553
0.7188619643990343,0.022,0.7605372196028004
0.7186295034356633,0.0225,0.7605372196028004
0.7117691701898811,0.0225,0.762394627803972
0.7115479937790746,0.023,0.762394627803972
0.7079175868129969,0.023,0.7636805257893985
0.7078347740653039,0.0235,0.7636805257893985
0.6912714187084416,0.0235,0.7705386483783397
0.6911237616571813,0.024,0.7705386483783397
0.6910320118364416,0.024,0.770681525932276
0.6905815711468649,0.0245,0.770681525932276
0.6883292577320193,0.0245,0.7718245463637663
0.6876850347414682,0.025,0.7718245463637663
0.686067406953455,0.025,0.7728246892413202
0.6859435638496434,0.0255,0.7728246892413202
0.6822604030644058,0.0255,0.7741105872267466
0.6820382983525347,0.026,0.7741105872267466
0.6816369306114427,0.026,0.7742534647806829
0.6815047546571964,0.027,0.7742534647806829
0.680743061410344,0.027,0.7751107301043006
0.68017496091407,0.0275,0.7751107301043006
0.6770991484514124,0.0275,0.7766823831975996
0.6759923791433513,0.028,0.7766823831975996
0.6734758803049238,0.028,0.7776825260751536
0.6729685872267691,0.0285,0.7776825260751536
0.6705794457349312,0.0285,0.7786826689527075
0.6696373927268234,0.029,0.7786826689527075
0.6675083599093,0.029,0.7796828118302614
0.6671261431206249,0.0295,0.7796828118302614
0.6625573083015683,0.0295,0.7816830975853694
0.661878194416938,0.0305,0.7816830975853694
0.6613347220131988,0.0305,0.782540362908987
0.6601764061956987,0.031,0.782540362908987
0.6596901055755735,0.031,0.7831118731247321
0.6593161338637225,0.0315,0.7831118731247321
0.6555397474327219,0.0315,0.78511215887984
0.6553268309002729,0.032,0.78511215887984
0.6539395161710797,0.032,0.7856836690955851
0.6537068293035216,0.0325,0.7856836690955851
0.653438305450104,0.0325,0.7858265466495213
0.653352372813727,0.033,0.7858265466495213
0.6529404855261883,0.033,0.7861123017573939
0.652720053197554,0.0335,0.7861123017573939
0.6469556801363975,0.0335,0.787683954850693
0.6467430430008351,0.034,0.787683954850693
0.642272774709415,0.034,0.790255750821546
0.6414033609292323,0.0345,0.790255750821546
0.6406697069267304,0.0345,0.7905415059294185
0.6406407627404022,0.035,0.7905415059294185
0.6383767425973857,0.035,0.7916845263609087
0.6383394434726319,0.0355,0.7916845263609087
0.6369891856356252,0.0355,0.791827403914845
0.6368826742245925,0.036,0.791827403914845
0.6349656890380118,0.036,0.7925417916845263
0.6349654889713491,0.0365,0.7925417916845263
0.633950780640067,0.0365,0.7926846692384626
0.6338797597379848,0.037,0.7926846692384626
0.6336984549865753,0.037,0.7929704243463352
0.6334095226480023,0.0375,0.7929704243463352
0.629787911643499,0.0375,0.7946849549935705
0.6292758970023635,0.038,0.7946849549935705
0.6265178959987416,0.038,0.7956850978711244
0.6258393328021418,0.039,0.7956850978711244
0.6254237954652755,0.039,0.7961137305329333
0.6249137878410413,0.0405,0.7961137305329333
0.6247784458962617,0.0405,0.7962566080868696
0.6243245257069197,0.041,0.7962566080868696
0.6197274491504878,0.041,0.7983997713959137
0.6190723704495804,0.0415,0.7983997713959137
0.6168805782727111,0.0415,0.800114302043149
0.6160836962436281,0.0425,0.800114302043149
0.616064069298843,0.0425,0.8002571795970853
0.6160606389383577,0.043,0.8002571795970853
0.6160242740685322,0.043,0.8004000571510216
0.6159109619974426,0.0435,0.8004000571510216
0.6125954888412013,0.0435,0.8019717102443206
0.6125438422852603,0.044,0.8019717102443206
0.6124443224556475,0.044,0.8021145877982568
0.6105336522016017,0.0445,0.8021145877982568
0.6082944740758438,0.0445,0.8029718531218746
0.6082225622605342,0.045,0.8029718531218746
0.6079802913823746,0.045,0.8031147306758109
0.6079011060838054,0.0455,0.8031147306758109
0.6065940614983122,0.0455,0.8041148735533648
0.6065224284771847,0.046,0.8041148735533648
0.603564301883462,0.046,0.8051150164309187
0.6033656390574872,0.0465,0.8051150164309187
0.6023675593553656,0.0465,0.8058294042006001
0.6019451238499881,0.047,0.8058294042006001
0.5975898059803866,0.047,0.8076868124017716
0.5967724893937018,0.0475,0.8076868124017716
0.5957015503312391,0.0475,0.8085440777253894
0.5950598865889242,0.048,0.8085440777253894
0.5900357349776035,0.048,0.8106872410344335
0.5900264129011202,0.0485,0.8106872410344335
0.5871449088292358,0.0485,0.81197313901986
0.5869134963811902,0.049,0.81197313901986
0.5849569027057343,0.049,0.8129732818974139
0.5846453534585476,0.0495,0.8129732818974139
0.5846301447941514,0.0495,0.8132590370052865
0.5835029874617678,0.05,0.8132590370052865
0.5829523634738575,0.05,0.813544792113159
0.5819392762673647,0.051,0.813544792113159
0.5817751248563305,0.051,0.8136876696670953
0.5816607892490435,0.0515,0.8136876696670953
0.5774223154464112,0.0515,0.8146878125446493
0.5761318678649688,0.053,0.8146878125446493
0.5735850462207919,0.053,0.8155450778682669
0.5725420062704504,0.0535,0.8155450778682669
0.572445414289951,0.0535,0.8156879554222032
0.5719455242809364,0.054,0.8156879554222032
0.570189215708792,0.054,0.8162594656379483
0.5695041702452786,0.0545,0.8162594656379483
0.5671376831727529,0.0545,0.8171167309615659
0.5667470358580737,0.055,0.8171167309615659
0.5639663333002457,0.055,0.8181168738391199
0.5639315445696161,0.0555,0.8181168738391199
0.5585432736004358,0.0555,0.8205457922560365
0.5581886268310602,0.056,0.8205457922560365
0.5579314273575602,0.056,0.8206886698099729
0.5572929691441715,0.0565,0.8206886698099729
0.5526809848253789,0.0565,0.822831833119017
0.5515166094504368,0.057,0.822831833119017
0.5485607958754438,0.057,0.8234033433347621
0.5485513183051476,0.0575,0.8234033433347621
0.54814063268705,0.0575,0.8236890984426347
0.5479984287565963,0.058,0.8236890984426347
0.5411212136554925,0.058,0.8259751393056151
0.5406021382911047,0.0585,0.8259751393056151
0.5404671675428527,0.0585,0.8262608944134876
0.5397392788636921,0.0605,0.8262608944134876
0.5390160626028698,0.0605,0.8265466495213601
0.5385622204100886,0.061,0.8265466495213601
0.5382608266388544,0.061,0.8266895270752965
0.5378395303532708,0.0615,0.8266895270752965
0.5361701615610875,0.0615,0.8276896699528504
0.5356155067365532,0.062,0.8276896699528504
0.535562028629151,0.062,0.8278325475067867
0.5353073211593867,0.0625,0.8278325475067867
0.5327026072773497,0.0625,0.8284040577225318
0.5322792410765463,0.063,0.8284040577225318
0.527088654613895,0.063,0.8308329761394485
0.5263401881042218,0.0635,0.8308329761394485
0.5260971949153331,0.0635,0.8309758536933848
0.5254898415076373,0.0645,0.8309758536933848
0.5244590613166302,0.0645,0.8318331190170024
0.5240905277978652,0.065,0.8318331190170024
0.5239016077936307,0.065,0.8319759965709387
0.5235916992958894,0.066,0.8319759965709387
0.523132782639698,0.066,0.8322617516788112
0.5231221382096523,0.0665,0.8322617516788112
0.5217725710768828,0.0665,0.8328332618945564
0.521536430197689,0.067,0.8328332618945564
0.5210260097367152,0.067,0.8332618945563652
0.5208219173411838,0.0675,0.8332618945563652
0.5196732242255352,0.0675,0.8338334047721103
0.5196128499948459,0.068,0.8338334047721103
0.5144861485107296,0.068,0.8356908129732818
0.5144583182276536,0.0685,0.8356908129732818
0.5129471324490615,0.0685,0.8365480782968996
0.5129166535811425,0.069,0.8365480782968996
0.5113561288212327,0.069,0.837262466066581
0.510497384874219,0.0695,0.837262466066581
0.5088143057901444,0.0695,0.8379768538362623
0.5080373451588418,0.0705,0.8379768538362623
0.5062478556162261,0.0705,0.8384054864980711
0.5060935328849772,0.071,0.8384054864980711
0.5057700602103483,0.071,0.8386912416059437
0.5057432975797644,0.0715,0.8386912416059437
0.5038494926241696,0.0715,0.8391198742677526
0.5036289858806511,0.072,0.8391198742677526
0.5027891506795554,0.072,0.8394056293756251
0.5026186860849289,0.0725,0.8394056293756251
0.5014126510020446,0.0725,0.8398342620374339
0.5006830544297899,0.073,0.8398342620374339
0.50042458671181,0.073,0.8399771395913702
0.5002603163864642,0.0735,0.8399771395913702
0.50014271446498,0.0735,0.8401200171453065
0.4993201397432951,0.074,0.8401200171453065
0.499114099629136,0.074,0.8402628946992428
0.4982606904252155,0.0745,0.8402628946992428
0.49815322073445617,0.0745,0.8405486498071153
0.497806934696245,0.075,0.8405486498071153
0.49741271337099885,0.075,0.8411201600228604
0.4973046222279295,0.0755,0.8411201600228604
0.49699274877813093,0.0755,0.8412630375767967
0.49662387332344854,0.0765,0.8412630375767967
0.49416015288160015,0.0765,0.8424060580082869
0.4938204077210167,0.077,0.8424060580082869
0.49170017388237414,0.077,0.842977568224032
0.4915953657550531,0.0775,0.842977568224032
0.4911017021062612,0.0775,0.8432633233319046
0.4907185004575522,0.0785,0.8432633233319046
0.49009073446308615,0.0785,0.8435490784397771
0.48969986887857503,0.079,0.8435490784397771
0.48822561865094316,0.079,0.8441205886555222
0.4879602446865465,0.0795,0.8441205886555222
0.4848507159430758,0.0795,0.8461208744106301
0.4846973811195133,0.08,0.8461208744106301
0.4844318673066215,0.08,0.8462637519645664
0.483758698960833,0.0805,0.8462637519645664
0.483242489188114,0.0805,0.8465495070724389
0.48273935422822134,0.082,0.8465495070724389
0.47890780173865694,0.082,0.8476925275039291
0.47876076566432346,0.0825,0.8476925275039291
0.47471924234194823,0.0825,0.8492641805972282
0.47452996713033646,0.083,0.8492641805972282
0.4740669258123925,0.083,0.8494070581511645
0.4740585177360324,0.0835,0.8494070581511645
0.4737754389450129,0.0835,0.8495499357051007
0.4734975343158135,0.084,0.8495499357051007
0.47036681766758137,0.084,0.8516930990141449
0.4699200138585611,0.085,0.8516930990141449
0.4695687520240729,0.085,0.8518359765680812
0.4695354242141429,0.0855,0.8518359765680812
0.46730716455660143,0.0855,0.8526932418916988
0.4668131262603945,0.086,0.8526932418916988
0.46053489430568156,0.086,0.8552650378625518
0.46048567149195935,0.0865,0.8552650378625518
0.4585033236371107,0.0865,0.856408058294042
0.4583872419013092,0.087,0.856408058294042
0.45692223769610285,0.087,0.8565509358479783
0.4567650920998769,0.0875,0.8565509358479783
0.45561243276320373,0.0875,0.8575510787255323
0.4553436450964226,0.088,0.8575510787255323
0.45324930059633783,0.088,0.8585512216030862
0.4525778401691933,0.0885,0.8585512216030862
0.45223343995848025,0.0885,0.8591227318188313
0.4512330384403404,0.0895,0.8591227318188313
0.44639033502274816,0.0895,0.8606943849121304
0.44633123387404633,0.09,0.8606943849121304
0.4455444934033946,0.09,0.8612658951278754
0.44508755738686495,0.0905,0.8612658951278754
0.4447802499239736,0.0905,0.8616945277896843
0.4446986026579073,0.091,0.8616945277896843
0.443955710367104,0.091,0.8618374053436205
0.44355647630713085,0.0915,0.8618374053436205
0.441873044659594,0.0915,0.8625517931133019
0.4413696400913062,0.092,0.8625517931133019
0.44041565339812294,0.092,0.8626946706672382
0.4397990207439742,0.0925,0.8626946706672382
0.43948884227652923,0.0925,0.8628375482211744
0.43948239304904396,0.093,0.8628375482211744
0.43875186921601167,0.093,0.8632661808829832
0.43829430823019133,0.094,0.8632661808829832
0.4378102663717225,0.094,0.864123446206601
0.4376866725008607,0.0945,0.864123446206601
0.43677059129683066,0.0945,0.8649807115302186
0.43606101007657955,0.095,0.8649807115302186
0.434521399863173,0.095,0.8658379768538362
0.4343205497405989,0.0955,0.8658379768538362
0.4331137154965614,0.0955,0.8661237319617088
0.4328839123896085,0.0965,0.8661237319617088
0.4322959553172108,0.0965,0.866266609515645
0.4320732082610322,0.097,0.866266609515645
0.4310994406501837,0.097,0.8668381197313902
0.43105933869855506,0.0975,0.8668381197313902
0.4304587698501166,0.0975,0.8671238748392628
0.430173812686459,0.098,0.8671238748392628
0.4294456119378764,0.098,0.8674096299471353
0.42932139655567464,0.0985,0.8674096299471353
0.4269535081277368,0.0985,0.8678382626089441
0.4268813054389689,0.099,0.8678382626089441
0.4266704875935781,0.099,0.8679811401628804
0.42652433974614073,0.0995,0.8679811401628804
0.42543009113344255,0.0995,0.8684097728246892
0.4245799968491256,0.1005,0.8684097728246892
0.42379702421789267,0.1005,0.8686955279325618
0.4227063164314306,0.102,0.8686955279325618
0.42140767427435316,0.102,0.8694099157022431
0.42072075240057694,0.1025,0.8694099157022431
0.41805410781792984,0.1025,0.8716959565652236
0.41797150831039154,0.103,0.8716959565652236
0.4156438559769082,0.103,0.8726960994427775
0.41544830696903245,0.1035,0.8726960994427775
0.41533308688035153,0.1035,0.8729818545506501
0.415108718061069,0.104,0.8729818545506501
0.41351698583558283,0.104,0.873410487212459
0.4134597176026814,0.1045,0.873410487212459
0.4115839396345974,0.1045,0.8742677525360766
0.4110296522031211,0.1055,0.8742677525360766
0.41098562261132987,0.1055,0.8744106300900129
0.4109098791714076,0.106,0.8744106300900129
0.41068561532939707,0.106,0.8745535076439491
0.41058072518298855,0.1065,0.8745535076439491
0.4079738530072278,0.1065,0.8761251607372482
0.4078497918369261,0.107,0.8761251607372482
0.4062351973225266,0.107,0.876553793399057
0.4058616264392342,0.1075,0.876553793399057
0.40518038042850146,0.1075,0.8768395485069296
0.40479621367738694,0.1085,0.8768395485069296
0.4040070760041601,0.1085,0.8771253036148021
0.40329333348732643,0.1095,0.8771253036148021
0.40199319931250577,0.1095,0.8779825689384197
0.4014500365996383,0.11,0.8779825689384197
0.39681853784133747,0.11,0.8792684669238463
0.3964601329782951,0.1105,0.8792684669238463
0.39625175103582877,0.1105,0.8794113444777826
0.3955505716469182,0.111,0.8794113444777826
0.3945783273790798,0.111,0.8801257322474639
0.3943262594768016,0.1115,0.8801257322474639
0.3940283018768309,0.1115,0.8802686098014002
0.39400212140001983,0.112,0.8802686098014002
0.39279784352002795,0.112,0.8814116302328904
0.392374993900704,0.1125,0.8814116302328904
0.3920292552207418,0.1125,0.8818402628946992
0.3918473844562479,0.1135,0.8818402628946992
0.3913239467297314,0.1135,0.8822688955565081
0.39059877940875987,0.114,0.8822688955565081
0.3881436341421803,0.114,0.8826975282183169
0.38803844630041917,0.1145,0.8826975282183169
0.3878924129323381,0.1145,0.8828404057722532
0.38784123789030506,0.115,0.8828404057722532
0.38568224251846484,0.115,0.8835547935419346
0.3856558987512847,0.1155,0.8835547935419346
0.3850005983413593,0.1155,0.8841263037576796
0.38434829367771123,0.1165,0.8841263037576796
0.38416664953506197,0.1165,0.8842691813116159
0.3829110191770269,0.118,0.8842691813116159
0.3826352005359587,0.118,0.8846978139734247
0.3825835020337019,0.1185,0.8846978139734247
0.3805509659933339,0.1185,0.8854122017431062
0.3800555441720061,0.1195,0.8854122017431062
0.3795559953753966,0.1195,0.8855550792970425
0.37943359590437503,0.12,0.8855550792970425
0.37856596691780225,0.12,0.8861265895127876
0.37841662656907094,0.1205,0.8861265895127876
0.3765447468069308,0.1205,0.8868409772824689
0.37597433130758234,0.121,0.8868409772824689
0.37566222091337315,0.121,0.887412487498214
0.37491217192343285,0.1215,0.887412487498214
0.374751798537414,0.1215,0.8875553650521503
0.3742229472946406,0.1235,0.8875553650521503
0.3731670541230521,0.1235,0.8882697528218317
0.3727355227123782,0.124,0.8882697528218317
0.37056298726915143,0.124,0.8888412630375768
0.36982087419859266,0.125,0.8888412630375768
0.369668600790996,0.125,0.8889841405915131
0.3693120992130378,0.1255,0.8889841405915131
0.36885301534967113,0.1255,0.8891270181454494
0.3685383332214177,0.1265,0.8891270181454494
0.3683889759323973,0.1265,0.8894127732533219
0.3683527681724797,0.127,0.8894127732533219
0.36756309704264534,0.127,0.8896985283611945
0.36695768008463536,0.1285,0.8896985283611945
0.3662048241623664,0.1285,0.8898414059151307
0.36593505877032745,0.129,0.8898414059151307
0.36530192439480696,0.129,0.8904129161308758
0.3647289404300485,0.13,0.8904129161308758
0.36163738018842345,0.13,0.8911273039005573
0.36143287131191887,0.1305,0.8911273039005573
0.35746935870599117,0.1305,0.8928418345477925
0.35734652841893133,0.131,0.8928418345477925
0.3566626484235508,0.131,0.8936990998714102
0.35658638174489765,0.1315,0.8936990998714102
0.35372527475661253,0.1315,0.8945563651950279
0.35360535351537775,0.132,0.8945563651950279
0.35313719142166955,0.132,0.8946992427489642
0.3526649598485873,0.133,0.8946992427489642
0.3520941471669089,0.133,0.895127875410773
0.3511764483598275,0.1345,0.895127875410773
0.3507890888324168,0.1345,0.8952707529647093
0.34964098767637636,0.136,0.8952707529647093
0.34698006850949575,0.136,0.8962708958422632
0.34603780177155546,0.1375,0.8962708958422632
0.345844266574095,0.1375,0.8964137733961994
0.3448801079305561,0.139,0.8964137733961994
0.34375883411634467,0.139,0.8968424060580082
0.3432992881299916,0.141,0.8968424060580082
0.34272384589647215,0.141,0.8971281611658808
0.34246840185696814,0.142,0.8971281611658808
0.3414682127379359,0.142,0.8981283040434348
0.3407772100200807,0.1435,0.8981283040434348
0.34040302482396373,0.1435,0.8984140591513073
0.33953902058349256,0.144,0.8984140591513073
0.3379876088447747,0.144,0.8988426918131162
0.3379076772227468,0.1445,0.8988426918131162
0.33575004420420873,0.1445,0.8999857122446063
0.33537602496170976,0.145,0.8999857122446063
0.33113806521726863,0.145,0.9017002428918417
0.3300756923306863,0.146,0.9017002428918417
0.32948918073518,0.146,0.9022717531075868
0.3290248179433782,0.147,0.9022717531075868
0.3283415808233797,0.147,0.9027003857693956
0.3280940061655028,0.1475,0.9027003857693956
0.3261832699098103,0.1475,0.9032718959851407
0.32585157458661257,0.148,0.9032718959851407
0.3257916201488517,0.148,0.9034147735390771
0.3250604679659829,0.149,0.9034147735390771
0.32335994061421997,0.149,0.9042720388626947
0.32263490720202087,0.15,0.9042720388626947
0.32226947863613487,0.15,0.904414916416631
0.32174424980014316,0.151,0.904414916416631
0.320263295475366,0.151,0.904986426632376
0.3190589991554783,0.1525,0.904986426632376
0.3185922146011189,0.1525,0.9051293041863123
0.3185622475737734,0.153,0.9051293041863123
0.3180424730039597,0.153,0.9052721817402486
0.31727912498149735,0.1545,0.9052721817402486
0.3134546987564726,0.1545,0.9058436919559937
0.31323623734176426,0.155,0.9058436919559937
0.3101512315045419,0.155,0.9072724674953565
0.30978618224066085,0.1555,0.9072724674953565
0.30933435608845417,0.1555,0.907558222603229
0.3092448966634263,0.156,0.907558222603229
0.30855961222207595,0.156,0.9082726103729104
0.3082875851561673,0.157,0.9082726103729104
0.3079504907361027,0.157,0.9084154879268467
0.30776263267971266,0.1575,0.9084154879268467
0.3074788715397745,0.1575,0.9087012430347192
0.3073336331527352,0.1585,0.9087012430347192
0.3062411745000701,0.1585,0.9094156308044006
0.30494683242030984,0.1605,0.9094156308044006
0.3045555334961784,0.1605,0.9097013859122732
0.3039634286702537,0.161,0.9097013859122732
0.30387273449801355,0.161,0.9098442634662095
0.30383028088159386,0.1615,0.9098442634662095
0.3033390467312388,0.1615,0.910130018574082
0.3025874291706392,0.162,0.910130018574082
0.30162293850416405,0.162,0.9107015287898271
0.3011465099419218,0.1625,0.9107015287898271
0.3004221424942437,0.1625,0.9109872838976997
0.29939140716578727,0.1635,0.9109872838976997
0.29913337749858326,0.1635,0.9112730390055722
0.29880623149481594,0.164,0.9112730390055722
0.29783313809961565,0.164,0.9115587941134448
0.29682821394872033,0.1645,0.9115587941134448
0.2956012082803535,0.1645,0.9122731818831261
0.29555441780781855,0.165,0.9122731818831261
0.29499399770765133,0.165,0.9125589369909987
0.2947736397547037,0.1655,0.9125589369909987
0.29430591665256944,0.1655,0.9131304472067439
0.29426214826660574,0.166,0.9131304472067439
0.29337344125745185,0.166,0.9134162023146164
0.29293835659552137,0.1665,0.9134162023146164
0.29284419905155956,0.1665,0.9135590798685527
0.2916584620357518,0.1675,0.9135590798685527
0.28695276936768027,0.1675,0.9151307329618517
0.2866976355711408,0.1685,0.9151307329618517
0.28586449855720886,0.1685,0.9152736105157879
0.2853677364169299,0.1695,0.9152736105157879
0.283848641156028,0.1695,0.9159879982854694
0.2831300186374877,0.1705,0.9159879982854694
0.2829030865894145,0.1705,0.9161308758394057
0.28261132454536375,0.1715,0.9161308758394057
0.28018383260196844,0.1715,0.9169881411630233
0.27902617252329853,0.175,0.9169881411630233
0.2788008400851386,0.175,0.9172738962708958
0.27827539774789944,0.176,0.9172738962708958
0.27779369298126627,0.176,0.9175596513787684
0.2772539958135396,0.177,0.9175596513787684
0.2771327626911487,0.177,0.9177025289327047
0.27697375014104697,0.1775,0.9177025289327047
0.27681879083500743,0.1775,0.9178454064866409
0.2761722762919765,0.1785,0.9178454064866409
0.2759378752120994,0.1785,0.9179882840405772
0.27574759503455787,0.179,0.9179882840405772
0.27446650256338617,0.179,0.918416916702386
0.2737396840162946,0.1795,0.918416916702386
0.27371634047154253,0.1795,0.9185597942563223
0.27187625409585403,0.1815,0.9185597942563223
0.2715594927912968,0.1815,0.9191313044720675
0.27119341816780307,0.1825,0.9191313044720675
0.2708625249907242,0.1825,0.9195599371338763
0.27069199908945296,0.183,0.9195599371338763
0.2706884702303678,0.183,0.9197028146878126
0.2705096561376956,0.1835,0.9197028146878126
0.2701041671839461,0.1835,0.9199885697956851
0.2700969907255081,0.184,0.9199885697956851
0.2691457751194548,0.184,0.9201314473496214
0.2690896195133143,0.1845,0.9201314473496214
0.26901606718841836,0.1845,0.9202743249035577
0.26891897287016153,0.185,0.9202743249035577
0.26827989309510525,0.185,0.9205600800114302
0.2681134548932404,0.1855,0.9205600800114302
0.26807680042951215,0.1855,0.9207029575653665
0.2678211081537459,0.186,0.9207029575653665
0.26764330973660405,0.186,0.9208458351193027
0.2670818433179818,0.1875,0.9208458351193027
0.2665251813441975,0.1875,0.9211315902271753
0.265990615296247,0.1885,0.9211315902271753
0.2659422053871445,0.1885,0.9212744677811116
0.2655109355334851,0.189,0.9212744677811116
0.26444895222745585,0.189,0.9215602228889841
0.26436159430792205,0.1895,0.9215602228889841
0.2640650861066436,0.1895,0.9218459779968567
0.2636520255482605,0.19,0.9218459779968567
0.2633821552372345,0.19,0.921988855550793
0.2632152304712101,0.1905,0.921988855550793
0.2629091438520409,0.1905,0.9222746106586656
0.26213459522675225,0.1915,0.9222746106586656
0.26192390574273805,0.1915,0.9225603657665381
0.26127375297559235,0.193,0.9225603657665381
0.26114382465510094,0.193,0.9227032433204744
0.26106191890603375,0.1935,0.9227032433204744
0.2610459853822331,0.1935,0.9228461208744106
0.26077016133436015,0.194,0.9228461208744106
0.2606122351608655,0.194,0.9229889984283469
0.2604814418908901,0.1945,0.9229889984283469
0.2604773163868724,0.1945,0.9231318759822832
0.259811742620342,0.196,0.9231318759822832
0.2596954921662507,0.196,0.9232747535362195
0.25904652715275206,0.197,0.9232747535362195
0.2589965938926739,0.197,0.923560508644092
0.25895105138217117,0.1975,0.923560508644092
0.2587360676240788,0.1975,0.9238462637519645
0.25820694128391153,0.198,0.9238462637519645
0.2577943954227786,0.198,0.9242748964137734
0.2565865384743285,0.199,0.9242748964137734
0.25633852307008775,0.199,0.9244177739677096
0.25594865874708567,0.2015,0.9244177739677096
0.2555927999008774,0.2015,0.9247035290755822
0.25557360910087706,0.202,0.9247035290755822
0.255511548352577,0.202,0.9248464066295184
0.25544370181345916,0.2025,0.9248464066295184
0.2544321579699867,0.2025,0.9251321617373911
0.25393269007949143,0.203,0.9251321617373911
0.2538839978896954,0.203,0.9252750392913274
0.2534541966814018,0.2035,0.9252750392913274
0.25257277028475644,0.2035,0.9257036719531362
0.2516021043984144,0.2055,0.9257036719531362
0.25148830701188446,0.2055,0.9258465495070725
0.2514561355816648,0.206,0.9258465495070725
0.25115729060402414,0.206,0.9259894270610087
0.2503602259903842,0.207,0.9259894270610087
0.2492865752401028,0.207,0.9268466923846264
0.248782591269986,0.2085,0.9268466923846264
0.2480793980992691,0.2085,0.9269895699385626
0.24793705440129862,0.209,0.9269895699385626
0.2473691128553062,0.209,0.9278468352621803
0.24663651618220328,0.2105,0.9278468352621803
0.24640342674410198,0.2105,0.9279897128161166
0.24629221645767282,0.211,0.9279897128161166
0.24611474112831014,0.211,0.9281325903700529
0.2458177851531086,0.212,0.9281325903700529
0.24580188666359334,0.212,0.9282754679239892
0.24553838997061034,0.2125,0.9282754679239892
0.24495458156736466,0.2125,0.928704100585798
0.24483390668978383,0.213,0.928704100585798
0.244433519867777,0.213,0.9291327332476068
0.24338224830192615,0.2145,0.9291327332476068
0.2431903442648122,0.2145,0.9294184883554794
0.24265698275145345,0.215,0.9294184883554794
0.24251160532542215,0.215,0.9295613659094156
0.242434148422937,0.2155,0.9295613659094156
0.2419344188574156,0.2155,0.9299899985712244
0.241101085615129,0.216,0.9299899985712244
0.24022410447024362,0.216,0.930275753679097
0.23989167154773328,0.2165,0.930275753679097
0.23826597776981398,0.2165,0.9309901414487785
0.2382618781710748,0.217,0.9309901414487785
0.2378818628760289,0.217,0.931275896556651
0.2377249826097379,0.218,0.931275896556651
0.23766993617399326,0.218,0.9314187741105873
0.23723576207604077,0.2185,0.9314187741105873
0.23453241619084533,0.2185,0.9321331618802686
0.2341124985576103,0.219,0.9321331618802686
0.23335116408326523,0.219,0.9327046720960137
0.23286035497447252,0.2205,0.9327046720960137
0.23242692851380137,0.2205,0.93284754964995
0.2323980501855882,0.221,0.93284754964995
0.23089218045975687,0.221,0.9342763251893128
0.2306984080517518,0.2215,0.9342763251893128
0.23049100092768335,0.2215,0.9344192027432491
0.23026599028273445,0.2225,0.9344192027432491
0.22947128863217497,0.2225,0.9347049578511216
0.22940282523931785,0.223,0.9347049578511216
0.22914117588353045,0.223,0.9349907129589942
0.2290288599658795,0.2235,0.9349907129589942
0.22858766245876122,0.2235,0.9352764680668667
0.22834666402771625,0.224,0.9352764680668667
0.2280252999221316,0.224,0.935419345620803
0.2274530378461868,0.226,0.935419345620803
0.22736981396493408,0.226,0.9355622231747392
0.22662901703392524,0.2265,0.9355622231747392
0.22642460947090234,0.2265,0.9358479782826118
0.225657164461307,0.2285,0.9358479782826118
0.2256356371168817,0.2285,0.9359908558365481
0.22523949533371457,0.23,0.9359908558365481
0.22517383920409095,0.23,0.9361337333904843
0.22447676592897287,0.2315,0.9361337333904843
0.22405559449613602,0.2315,0.9362766109444206
0.22368208214825108,0.2325,0.9362766109444206
0.22297276400245322,0.2325,0.9367052436062294
0.22290955087901693,0.233,0.9367052436062294
0.22257683804460793,0.233,0.936990998714102
0.22206859564639636,0.2335,0.936990998714102
0.22087207550862056,0.2335,0.9378482640377197
0.2198725304216042,0.236,0.9378482640377197
0.2191374126692906,0.236,0.9382768966995285
0.21805613467794058,0.2375,0.9382768966995285
0.21791218381629185,0.2375,0.9384197742534648
0.21746262426973276,0.2385,0.9384197742534648
0.21735113226210756,0.2385,0.9385626518074011
0.21724068866157797,0.239,0.9385626518074011
0.21715421565726528,0.239,0.9387055293613373
0.21705121429836777,0.2395,0.9387055293613373
0.21652815019468183,0.2395,0.9389912844692099
0.21636885210646334,0.241,0.9389912844692099
0.2157472425989354,0.241,0.9398485497928275
0.21495841464789273,0.243,0.9398485497928275
0.21485502746704982,0.243,0.9399914273467638
0.21480869426681137,0.2435,0.9399914273467638
0.21479199402727014,0.2435,0.9401343049007
0.21412877449365114,0.2445,0.9401343049007
0.2140637014869188,0.2445,0.9402771824546364
0.21397417403011884,0.2455,0.9402771824546364
0.21342148804878033,0.2455,0.9404200600085727
0.21189772815164956,0.248,0.9404200600085727
0.21166627872469185,0.248,0.940562937562509
0.21145586413662007,0.249,0.940562937562509
0.2110266467146629,0.249,0.9408486926703815
0.21085154290486863,0.25,0.9408486926703815
0.2097531655755066,0.25,0.9415630804400629
0.2097429311750143,0.2505,0.9415630804400629
0.2088396338155136,0.2505,0.942134590655808
0.2087641374419406,0.251,0.942134590655808
0.20869234309309273,0.251,0.9422774682097442
0.2084166710979101,0.2515,0.9422774682097442
0.20768938889202035,0.2515,0.9432776110872982
0.20752014392825988,0.2525,0.9432776110872982
0.20674549576896495,0.2525,0.9438491213030433
0.20658491575217214,0.253,0.9438491213030433
0.2065729108093842,0.253,0.9439919988569796
0.2065620464661618,0.2535,0.9439919988569796
0.20617621262715666,0.2535,0.9442777539648521
0.20578233082496838,0.254,0.9442777539648521
0.20556416600146948,0.254,0.9445635090727247
0.20501904843958785,0.2555,0.9445635090727247
0.2043152327216632,0.2555,0.9458494070581511
0.2037417513437958,0.257,0.9458494070581511
0.20361707195065734,0.257,0.9459922846120874
0.20220295260661622,0.26,0.9459922846120874
0.20184766223340372,0.26,0.9467066723817689
0.20167606780458922,0.261,0.9467066723817689
0.20119792729759683,0.261,0.9468495499357051
0.20108058225236886,0.262,0.9468495499357051
0.20033370741727682,0.262,0.9471353050435777
0.2002917035365764,0.2625,0.9471353050435777
0.1997161359487596,0.2625,0.947278182597514
0.1993405712248221,0.2635,0.947278182597514
0.198963694997724,0.2635,0.9474210601514502
0.19859655342877042,0.264,0.9474210601514502
0.19757356884486516,0.264,0.947849692813259
0.19684352345960499,0.2655,0.947849692813259
0.19623104223930563,0.2655,0.9482783254750679
0.19618704726421127,0.266,0.9482783254750679
0.19524682706947813,0.266,0.9487069581368767
0.19512371836798872,0.267,0.9487069581368767
0.19471329284442168,0.267,0.9489927132447492
0.1946229502052602,0.2675,0.9489927132447492
0.19369023454659437,0.2675,0.9492784683526218
0.19312393506761902,0.269,0.9492784683526218
0.19300532621913702,0.269,0.9494213459065581
0.1928439961814627,0.2695,0.9494213459065581
0.1927997937765904,0.2695,0.9495642234604944
0.19259619977351075,0.2705,0.9495642234604944
0.19255346837201506,0.2705,0.9497071010144307
0.19250083289593484,0.271,0.9497071010144307
0.19204721627581958,0.271,0.949849978568367
0.19190214007259815,0.2725,0.949849978568367
0.191545263582577,0.2725,0.9499928561223032
0.19136958201914575,0.273,0.9499928561223032
0.19048015763312956,0.273,0.9502786112301758
0.1904006631152157,0.274,0.9502786112301758
0.19027091355223708,0.274,0.9508501214459208
0.19017199309340233,0.2745,0.9508501214459208
0.1901700683727621,0.2745,0.9509929989998571
0.1894270537911467,0.2765,0.9509929989998571
0.18881113301938987,0.2765,0.9512787541077297
0.18731388752203593,0.2785,0.9512787541077297
0.18712464984071994,0.2785,0.9515645092156022
0.18629092822735288,0.28,0.9515645092156022
0.18623650866602537,0.28,0.9517073867695385
0.18559548586309899,0.2815,0.9517073867695385
0.18522951458616957,0.2815,0.951993141877411
0.1847895190724732,0.2825,0.951993141877411
0.18459178757532396,0.2825,0.9521360194313473
0.18338372877346948,0.2845,0.9521360194313473
0.18317132557395294,0.2845,0.9524217745392198
0.18297761906894347,0.285,0.9524217745392198
0.18294168631603855,0.285,0.9525646520931562
0.1829149819678095,0.2855,0.9525646520931562
0.18251749177405008,0.2855,0.9527075296470925
0.1822117261446378,0.286,0.9527075296470925
0.18211850547550393,0.286,0.9528504072010288
0.1819864194281332,0.2865,0.9528504072010288
0.18189223219238312,0.2865,0.952993284754965
0.18145587565938598,0.289,0.952993284754965
0.18139685737002514,0.289,0.9531361623089013
0.18103713861530862,0.2895,0.9531361623089013
0.18001681904556757,0.2895,0.9538505500785827
0.17965900077479183,0.2905,0.9538505500785827
0.17917646342836235,0.2905,0.9539934276325189
0.17881464393949953,0.2915,0.9539934276325189
0.17857382363282848,0.2915,0.9542791827403915
0.17799314972012512,0.293,0.9542791827403915
0.1776582518246403,0.293,0.9548506929561366
0.17758096181154304,0.2935,0.9548506929561366
0.17753903170252047,0.2935,0.9549935705100728
0.17653269432939112,0.2955,0.9549935705100728
0.17649405876667545,0.2955,0.9551364480640091
0.17605415593154222,0.296,0.9551364480640091
0.17554126868444764,0.296,0.9558508358336906
0.17539898269618545,0.297,0.9558508358336906
0.17529191649806214,0.297,0.9559937133876268
0.17486814607164353,0.2985,0.9559937133876268
0.17426575299194375,0.2985,0.9565652236033719
0.17414641734802408,0.299,0.9565652236033719
0.17405844592017322,0.299,0.9567081011573082
0.17384094539909478,0.3,0.9567081011573082
0.1737935125505984,0.3,0.9568509787112445
0.17342403673810175,0.3015,0.9568509787112445
0.17319704964045582,0.3015,0.9569938562651807
0.1728646255271382,0.303,0.9569938562651807
0.1727359666687149,0.303,0.9572796113730533
0.17266940179355886,0.304,0.9572796113730533
0.17252684394229015,0.304,0.9575653664809258
0.17217805615425033,0.3055,0.9575653664809258
0.17160513299598723,0.3055,0.9577082440348621
0.17155248428547343,0.306,0.9577082440348621
0.1714400791942435,0.306,0.9578511215887984
0.17087952820507957,0.307,0.9578511215887984
0.17083257238451102,0.307,0.9579939991427346
0.17047870623729716,0.3085,0.9579939991427346
0.1691168567922278,0.3085,0.9585655093584797
0.16904363565869568,0.3095,0.9585655093584797
0.16899580793452737,0.3095,0.9587083869124161
0.1687756240280732,0.31,0.9587083869124161
0.16825062406387112,0.31,0.9594227746820975
0.16779003575224488,0.3105,0.9594227746820975
0.16765413475543758,0.3105,0.9595656522360337
0.16712004731841887,0.3115,0.9595656522360337
0.16647564031462822,0.3115,0.9599942848978426
0.1657090176931971,0.3125,0.9599942848978426
0.1656604435063124,0.3125,0.9601371624517788
0.16546583588467648,0.3135,0.9601371624517788
0.16530119023607798,0.3135,0.9602800400057151
0.1652040270380021,0.314,0.9602800400057151
0.16506917517958278,0.314,0.9607086726675239
0.16436870496058176,0.316,0.9607086726675239
0.16332013689948424,0.316,0.961280182883269
0.16269613796253526,0.3165,0.961280182883269
0.16257280481371986,0.3165,0.9614230604372053
0.162540839108418,0.317,0.9614230604372053
0.16219166200085217,0.317,0.9617088155450779
0.16207794770794548,0.3175,0.9617088155450779
0.16207416992611887,0.3175,0.9618516930990142
0.16127031915078627,0.318,0.9618516930990142
0.16089854600704379,0.318,0.9621374482068867
0.16070472473843592,0.319,0.9621374482068867
0.16065043638290694,0.319,0.962280325760823
0.15967544443621165,0.3205,0.962280325760823
0.15843836045967163,0.3205,0.9627089584226318
0.15829403350409008,0.321,0.9627089584226318
0.15826419668551292,0.321,0.9628518359765681
0.15810404985443247,0.3215,0.9628518359765681
0.15795593170799402,0.3215,0.9631375910844406
0.15747471519830267,0.3235,0.9631375910844406
0.1567696331275313,0.3235,0.9634233461923132
0.15636487356695722,0.3245,0.9634233461923132
0.15635821266346925,0.3245,0.9635662237462495
0.15473107997044597,0.3275,0.9635662237462495
0.15454858095173651,0.3275,0.9637091013001857
0.1530127161088695,0.3295,0.9637091013001857
0.15260598801672337,0.3295,0.9641377339619945
0.15228116840816824,0.33,0.9641377339619945
0.15179499984025716,0.33,0.9645663666238034
0.15121722041957997,0.3315,0.9645663666238034
0.15063997544583269,0.3315,0.964852121731676
0.1498763684983923,0.334,0.964852121731676
0.14935851135088155,0.334,0.9652807543934848
0.1489836010485824,0.3355,0.9652807543934848
0.1488437287470368,0.3355,0.9654236319474211
0.14833349066538423,0.338,0.9654236319474211
0.14832598751500436,0.338,0.9655665095013574
0.14827445866589467,0.3385,0.9655665095013574
0.14787890993137429,0.3385,0.9657093870552936
0.14652035172084296,0.344,0.9657093870552936
0.14627987874034148,0.344,0.9661380197171024
0.1459290560458031,0.346,0.9661380197171024
0.14579741719757117,0.346,0.9662808972710387
0.1450244040350116,0.348,0.9662808972710387
0.14499320351762054,0.348,0.966423774824975
0.1443278167340389,0.35,0.966423774824975
0.1441535228394691,0.35,0.9667095299328475
0.14394462650028836,0.3505,0.9667095299328475
0.14355030182362133,0.3505,0.9671381625946563
0.14301979960993724,0.3515,0.9671381625946563
0.1428733815878734,0.3515,0.9672810401485926
0.14285949903718564,0.352,0.9672810401485926
0.142625872341264,0.352,0.9674239177025289
0.14234308853707522,0.353,0.9674239177025289
0.14136229248405907,0.353,0.9682811830261466
0.14088875513744223,0.3555,0.9682811830261466
0.14066490225251804,0.3555,0.9684240605800829
0.14058030861538467,0.356,0.9684240605800829
0.1400000117564684,0.356,0.9687098156879554
0.13969989886544268,0.359,0.9687098156879554
0.13966872179782575,0.359,0.968995570795828
0.1387894150213021,0.3615,0.968995570795828
0.13855402541657116,0.3615,0.9691384483497643
0.1376337987343246,0.363,0.9691384483497643
0.1374830003436035,0.363,0.9694242034576368
0.13744729111751566,0.3635,0.9694242034576368
0.13721505626579816,0.3635,0.9697099585655093
0.1365622526411762,0.3655,0.9697099585655093
0.13648588742578666,0.3655,0.9698528361194456
0.13631446493691715,0.366,0.9698528361194456
0.1362968664155466,0.366,0.9699957136733819
0.136286450605473,0.3665,0.9699957136733819
0.1362012322936475,0.3665,0.9701385912273182
0.13567241651603756,0.368,0.9701385912273182
0.13541610170547452,0.368,0.9702814687812544
0.13535053566274807,0.3685,0.9702814687812544
0.13530398929220397,0.3685,0.9704243463351907
0.13512203352158572,0.369,0.9704243463351907
0.1349308841548572,0.369,0.9707101014430632
0.13420478741660913,0.371,0.9707101014430632
0.13407996209255352,0.371,0.9708529789969995
0.13391950010637843,0.3715,0.9708529789969995
0.13368065673509713,0.3715,0.9711387341048722
0.1330916582856327,0.373,0.9711387341048722
0.13265083765100993,0.373,0.9712816116588084
0.13231218861104038,0.3755,0.9712816116588084
0.13228411250965863,0.3755,0.9714244892127447
0.13200978150779036,0.3765,0.9714244892127447
0.13187846314227974,0.3765,0.971567366766681
0.13165269048213757,0.377,0.971567366766681
0.13137329640350717,0.377,0.9717102443206173
0.1310040642078242,0.378,0.9717102443206173
0.1309924483760303,0.378,0.9718531218745535
0.13084217515143332,0.38,0.9718531218745535
0.13043971972772084,0.38,0.9724246320902986
0.1303653877348421,0.381,0.9724246320902986
0.1296865733492894,0.381,0.9729961423060437
0.12848051626762103,0.384,0.9729961423060437
0.1282058167951704,0.384,0.9732818974139162
0.12743286425512368,0.386,0.9732818974139162
0.12720834412375678,0.386,0.9734247749678525
0.12706840080600093,0.387,0.9734247749678525
0.12668000484224834,0.387,0.9737105300757251
0.12633053229227956,0.3885,0.9737105300757251
0.1262477674805734,0.3885,0.9738534076296613
0.1259331601132329,0.389,0.9738534076296613
0.1258837457491664,0.389,0.9739962851835977
0.12491397887610747,0.3925,0.9739962851835977
0.12414397750842565,0.3925,0.9745677953993428
0.12348480177711671,0.3955,0.9745677953993428
0.12275660306588121,0.3955,0.9748535505072153
0.12225076044691453,0.397,0.9748535505072153
0.12220291303357926,0.397,0.9749964280611516
0.1219518457620056,0.398,0.9749964280611516
0.12171569148002365,0.398,0.9751393056150879
0.12069808301445571,0.4025,0.9751393056150879
0.12053780409484073,0.4025,0.9752821831690242
0.11960530204561548,0.4045,0.9752821831690242
0.1194835157238512,0.4045,0.9754250607229604
0.11942286353790961,0.405,0.9754250607229604
0.11916185524745203,0.405,0.9755679382768967
0.11763610076279214,0.4085,0.9755679382768967
0.1172725314681037,0.4085,0.975710815830833
0.11651039249179038,0.41,0.975710815830833
0.11645972422140152,0.41,0.9758536933847692
0.11642249892685308,0.4105,0.9758536933847692
0.11622003717293677,0.4105,0.9761394484926418
0.11547453193681106,0.4135,0.9761394484926418
0.11542295688660276,0.4135,0.976282326046578
0.11516836221004863,0.4145,0.976282326046578
0.11495284266081358,0.4145,0.9764252036005143
0.11471372765771369,0.416,0.9764252036005143
0.11432181839293432,0.416,0.9767109587083869
0.11379818033604838,0.418,0.9767109587083869
0.11370111102169438,0.418,0.9768538362623231
0.11368644621618489,0.4185,0.9768538362623231
0.11362309705786891,0.4185,0.9769967138162595
0.11352958052103891,0.4195,0.9769967138162595
0.11337790148352908,0.4195,0.9771395913701958
0.113353872858437,0.42,0.9771395913701958
0.1133183291850306,0.42,0.9772824689241321
0.11324525573426053,0.4205,0.9772824689241321
0.11295148630016684,0.4205,0.9774253464780683
0.11244139716407578,0.4225,0.9774253464780683
0.11234885612576372,0.4225,0.9775682240320046
0.11230376251612138,0.4235,0.9775682240320046
0.11215210617791722,0.4235,0.9777111015859409
0.1116330454737242,0.4255,0.9777111015859409
0.11154360428448622,0.4255,0.9778539791398771
0.11115192388217214,0.4285,0.9778539791398771
0.11113912420861816,0.4285,0.9779968566938134
0.11071907539023991,0.43,0.9779968566938134
0.1107169712236433,0.43,0.9781397342477497
0.11043873816669568,0.4315,0.9781397342477497
0.11025544911530684,0.4315,0.978282611801686
0.10987104485613042,0.433,0.978282611801686
0.10953606581934303,0.433,0.9784254893556222
0.10948772608779776,0.4335,0.9784254893556222
0.10937084023211177,0.4335,0.9785683669095585
0.10883525032828066,0.4355,0.9785683669095585
0.10877571434353088,0.4355,0.9787112444634948
0.1081161043684042,0.437,0.9787112444634948
0.10788041587049975,0.437,0.9789969995713673
0.10787799022200469,0.4375,0.9789969995713673
0.10765295773793573,0.4375,0.9791398771253036
0.10746088917981218,0.438,0.9791398771253036
0.10722521657119967,0.438,0.979854264894985
0.10591431769067344,0.442,0.979854264894985
0.10586386198390045,0.442,0.9799971424489212
0.10568420941089608,0.443,0.9799971424489212
0.10559001904244754,0.443,0.9802828975567939
0.10441995407184686,0.4455,0.9802828975567939
0.10423722095210888,0.4455,0.9804257751107301
0.10402464550646681,0.4465,0.9804257751107301
0.10394735150384009,0.4465,0.9805686526646664
0.1039136315723099,0.447,0.9805686526646664
0.10363136295875608,0.447,0.980854407772539
0.10250292348908219,0.4495,0.980854407772539
0.10195027819200315,0.4495,0.9811401628804115
0.10191812592819666,0.45,0.9811401628804115
0.1014765538619356,0.45,0.9812830404343478
0.10136232573438145,0.4505,0.9812830404343478
0.10086800554918435,0.4505,0.9818545506500929
0.09962226769347689,0.4545,0.9818545506500929
0.09958656926751619,0.4545,0.9819974282040291
0.09953333452154833,0.455,0.9819974282040291
0.09945336607224914,0.455,0.9821403057579654
0.0994092947357713,0.456,0.9821403057579654
0.09937228868208133,0.456,0.9822831833119017
0.09921457650385095,0.4565,0.9822831833119017
0.09913643512028843,0.4565,0.982426060865838
0.09833549255573298,0.4575,0.982426060865838
0.09826579557505696,0.4575,0.9825689384197742
0.09813948324824165,0.4585,0.9825689384197742
0.09775544638480661,0.4585,0.9827118159737105
0.09774137674760204,0.459,0.9827118159737105
0.097543115650725,0.459,0.9828546935276468
0.09687334807303151,0.4625,0.9828546935276468
0.09679027390817259,0.4625,0.982997571081583
0.09671515851256356,0.463,0.982997571081583
0.09646368482356837,0.463,0.9831404486355194
0.09569973627500261,0.4655,0.9831404486355194
0.09568500855699513,0.4655,0.9832833261894557
0.09505463800816265,0.4685,0.9832833261894557
0.09481631241067179,0.4685,0.983426203743392
0.09391724272264453,0.475,0.983426203743392
0.09383746249629293,0.475,0.9837119588512645
0.09279527879625732,0.4785,0.9837119588512645
0.09266508418034151,0.4785,0.9838548364052008
0.0915208880415912,0.4855,0.9838548364052008
0.09148554863287087,0.4855,0.983997713959137
0.09069649443520489,0.4885,0.983997713959137
0.09061734576427627,0.4885,0.9841405915130733
0.0903962751309198,0.4895,0.9841405915130733
0.08974825882398378,0.4895,0.9842834690670096
0.08905645052788794,0.4915,0.9842834690670096
0.08902983293419721,0.4915,0.9844263466209459
0.08892440573855867,0.493,0.9844263466209459
0.08880136817941327,0.493,0.9847121017288184
0.08798846274114044,0.4975,0.9847121017288184
0.08796462511370862,0.4975,0.9848549792827547
0.0866639921814853,0.5025,0.9848549792827547
0.08633877618990324,0.5025,0.9851407343906272
0.08620588075041168,0.5035,0.9851407343906272
0.08618936982468983,0.5035,0.9852836119445635
0.08526326626689233,0.5075,0.9852836119445635
0.08514131883719692,0.5075,0.9854264894984998
0.08435766578014332,0.5095,0.9854264894984998
0.0843408227664249,0.5095,0.985569367052436
0.08347547740115895,0.5105,0.985569367052436
0.0833989424935454,0.5105,0.9858551221603086
0.0824578974605966,0.5115,0.9858551221603086
0.0824274471402558,0.5115,0.9859979997142448
0.08199354926923973,0.514,0.9859979997142448
0.08193533969391328,0.514,0.9861408772681811
0.08168723604625415,0.5145,0.9861408772681811
0.08148963769659215,0.5145,0.9862837548221175
0.08078870435031817,0.517,0.9862837548221175
0.08072983225136637,0.517,0.98656950992999
0.07970967714004595,0.523,0.98656950992999
0.07944921924313379,0.523,0.9869981425917989
0.07931841174695228,0.524,0.9869981425917989
0.07917462332814552,0.524,0.9871410201457351
0.07876165598502007,0.5275,0.9871410201457351
0.07875987369594245,0.5275,0.9872838976996714
0.07849239058709331,0.5285,0.9872838976996714
0.07847223799991178,0.5285,0.9874267752536077
0.07829454555031831,0.529,0.9874267752536077
0.07829167686691964,0.529,0.9875696528075439
0.0779228664013244,0.531,0.9875696528075439
0.07786198468748433,0.531,0.9877125303614802
0.07713792119642544,0.5345,0.9877125303614802
0.07712783265500647,0.5345,0.9878554079154165
0.07587624409822019,0.5375,0.9878554079154165
0.07580873636996967,0.5375,0.9879982854693528
0.07547605674912054,0.5395,0.9879982854693528
0.07544943515984161,0.5395,0.988141163023289
0.07528853740546206,0.5405,0.988141163023289
0.07528005909788978,0.5405,0.9882840405772253
0.07476216725326293,0.5425,0.9882840405772253
0.07465953865581998,0.5425,0.9884269181311616
0.07409577125331296,0.5455,0.9884269181311616
0.07401918859528507,0.5455,0.9885697956850978
0.07381746808775307,0.5475,0.9885697956850978
0.07376637625834805,0.5475,0.9888555507929704
0.07366300460528433,0.5495,0.9888555507929704
0.07358754093809308,0.5495,0.9889984283469067
0.07330161623406725,0.5515,0.9889984283469067
0.07317196664728451,0.5515,0.9891413059008429
0.07312007363375456,0.552,0.9891413059008429
0.07308719223378529,0.552,0.9892841834547793
0.0729627168187068,0.5525,0.9892841834547793
0.07282281462626028,0.5525,0.9894270610087156
0.07202333159660462,0.5565,0.9894270610087156
0.0719593167611155,0.5565,0.9895699385626519
0.0709382154404385,0.562,0.9895699385626519
0.07078301630125976,0.562,0.9897128161165881
0.0703299134367851,0.565,0.9897128161165881
0.06998646733966012,0.565,0.9899985712244607
0.06929138965408903,0.568,0.9899985712244607
0.06905670060557556,0.568,0.9901414487783969
0.06856195557527993,0.569,0.9901414487783969
0.06832061478054119,0.569,0.9904272038862695
0.06793837786657889,0.572,0.9904272038862695
0.06763343027638134,0.572,0.9905700814402058
0.06639288152549284,0.5785,0.9905700814402058
0.06637639136295341,0.5785,0.990712958994142
0.06595323798485804,0.581,0.990712958994142
0.06591677887895078,0.581,0.9908558365480783
0.06549818502961359,0.5835,0.9908558365480783
0.06543464698462421,0.5835,0.9909987141020146
0.06519546103987167,0.585,0.9909987141020146
0.06504384000194338,0.585,0.9911415916559508
0.06484260532457109,0.587,0.9911415916559508
0.06474292871991352,0.587,0.9912844692098871
0.06461741057871795,0.5875,0.9912844692098871
0.06457563357578286,0.5875,0.9914273467638234
0.06371920753894281,0.5915,0.9914273467638234
0.06339046719081345,0.5915,0.9917131018716959
0.06310425620031337,0.5935,0.9917131018716959
0.06300318094371933,0.5935,0.9918559794256322
0.06258573283854472,0.596,0.9918559794256322
0.0624117432151263,0.596,0.9919988569795685
0.06101282048893676,0.603,0.9919988569795685
0.061001224293428614,0.603,0.9921417345335047
0.06089975917613408,0.604,0.9921417345335047
0.06048139272121486,0.604,0.992284612087441
0.05938095438947302,0.61,0.992284612087441
0.0591587976705983,0.61,0.9924274896413774
0.0589817501196406,0.612,0.9924274896413774
0.05888881009574807,0.612,0.9925703671953137
0.0586499079078391,0.6135,0.9925703671953137
0.05847698886731102,0.6135,0.9927132447492499
0.057782036849429085,0.6195,0.9927132447492499
0.057680388840950676,0.6195,0.9929989998571225
0.05674344750519486,0.6235,0.9929989998571225
0.05669039010059389,0.6235,0.9931418774110587
0.05652177971657105,0.625,0.9931418774110587
0.0563073271698239,0.625,0.993284754964995
0.054904452652593014,0.634,0.993284754964995
0.05482701997612004,0.634,0.9934276325189313
0.054650882599403074,0.6345,0.9934276325189313
0.05451556624211462,0.6345,0.9935705100728676
0.05306371390149213,0.639,0.9935705100728676
0.052872558189770026,0.639,0.9937133876268038
0.051434349623971205,0.6415,0.9937133876268038
0.05141471511506234,0.6415,0.9938562651807401
0.05099221942870213,0.6435,0.9938562651807401
0.050980758614348774,0.6435,0.9939991427346764
0.05080831277574986,0.645,0.9939991427346764
0.050696212646448455,0.645,0.9941420202886126
0.050545926816452105,0.646,0.9941420202886126
0.05048037822404441,0.646,0.9942848978425489
0.04844881793933986,0.6555,0.9942848978425489
0.04840440260506101,0.6555,0.9944277753964852
0.04839148313671243,0.656,0.9944277753964852
0.04838915302365082,0.656,0.9945706529504215
0.047946667297300995,0.658,0.9945706529504215
0.047700002526205855,0.658,0.9949992856122303
0.0462077925212406,0.67,0.9949992856122303
0.04614097122757561,0.67,0.9951421631661665
0.04586022561946366,0.6735,0.9951421631661665
0.04578420776713505,0.6735,0.9952850407201028
0.04558023445440055,0.674,0.9952850407201028
0.04554489691599933,0.674,0.9954279182740392
0.043515105426028565,0.6875,0.9954279182740392
0.04343731621028989,0.6875,0.9955707958279755
0.043221548427854875,0.69,0.9955707958279755
0.04294421187891296,0.69,0.9959994284897843
0.04067668754795249,0.7045,0.9959994284897843
0.040142947012051844,0.7045,0.9961423060437206
0.03932476463930546,0.707,0.9961423060437206
0.03927069598467117,0.707,0.9964280611515931
0.03868733674393938,0.7105,0.9964280611515931
0.03850204542385499,0.7105,0.9965709387055294
0.03834520731751091,0.7115,0.9965709387055294
0.038286416217008915,0.7115,0.9967138162594656
0.036931916240894605,0.716,0.9967138162594656
0.03685054210767956,0.716,0.9968566938134019
0.03657426392088426,0.7185,0.9968566938134019
0.036563003677409806,0.7185,0.9969995713673382
0.03490677275163257,0.727,0.9969995713673382
0.03481011765750324,0.727,0.9971424489212745
0.03419864768750553,0.7325,0.9971424489212745
0.03417169603687248,0.7325,0.9972853264752107
0.03357739634607277,0.736,0.9972853264752107
0.033574412942180436,0.736,0.997428204029147
0.03341829151611659,0.737,0.997428204029147
0.033387105589066074,0.737,0.9975710815830833
0.03322569628429,0.7385,0.9975710815830833
0.0332184060736926,0.7385,0.9977139591370195
0.03281862233036758,0.7415,0.9977139591370195
0.032714162348126914,0.7415,0.9978568366909558
0.03232610250398711,0.745,0.9978568366909558
0.03218793812384187,0.745,0.9979997142448921
0.03072454200335347,0.755,0.9979997142448921
0.030613169044281727,0.755,0.9981425917988284
0.03030857653624434,0.7575,0.9981425917988284
0.030287647815233142,0.7575,0.9982854693527646
0.029139738235478746,0.766,0.9982854693527646
0.02910046347897223,0.766,0.9985712244606373
0.02794381401534647,0.774,0.9985712244606373
0.027773119386877862,0.774,0.9987141020145736
0.02509724411242612,0.7955,0.9987141020145736
0.025042619168220905,0.7955,0.9988569795685098
0.022893374618789302,0.811,0.9988569795685098
0.02288595549969987,0.811,0.9989998571224461
0.020855469446279556,0.8335,0.9989998571224461
0.020676259065616744,0.8335,0.9991427346763824
0.019612229267142612,0.844,0.9991427346763824
0.019565296104203222,0.844,0.9992856122303186
0.01922811877334966,0.847,0.9992856122303186
0.01917289925774396,0.847,0.9994284897842549
0.01567047337887699,0.8755,0.9994284897842549
0.015655330061130616,0.8755,0.9995713673381912
0.014045811867375711,0.8915,0.9995713673381912
0.013873546463856724,0.8915,0.9997142448921275
0.013501428765249728,0.894,0.9997142448921275
0.013487888475873677,0.894,0.9998571224460637
0.0101900996343663,0.925,0.9998571224460637
0.010109865185240107,0.925,1.0
0.0005031280463971632,1.0,1.0
